mean,std,min,max
0.07926483774552967,0.046475524023749624,9.063200804621742e-16,0.125625379921572
