mean,std,min,max
0.08457332309518123,0.054668755734554535,9.063200804621742e-16,0.1787102334180876
