mean,std,min,max
0.11635283736966621,0.08473947136969565,9.063200804621742e-16,0.2313598919830775
