mean,std,min,max
0.09695821498100728,0.0660272202368459,9.063200804621742e-16,0.2313598919830775
