mean,std,min,max
0.14813953992579598,0.02311083143693558,0.1034815850013921,0.1884248796864934
