mean,std,min,max
0.13017869269924656,0.0404323310797083,0.0687646635651714,0.1787102334180876
