mean,std,min,max
0.12375952585128383,0.06403050844275103,0.0087840528769547,0.2313598919830775
