mean,std,min,max
0.07928887529440763,0.06812639477844963,0.0,0.2313598919830775
