mean,std,min,max
0.1294809074328484,0.06267646974746865,0.0454235454928356,0.2313598919830775
