mean,std,min,max
0.08911567764446468,0.048387078096575546,0.0150882035083222,0.1787102334180876
