mean,std,min,max
0.09546519993128691,0.0757087820310022,9.063200804621742e-16,0.2313598919830775
