mean,std,min,max
0.0763919640724319,0.0613951237228241,9.063200804621742e-16,0.1752730320978925
