mean,std,min,max
0.0993075579587687,0.04532806517208457,0.0687646635651714,0.1787102334180876
