mean,std,min,max
0.09719502174337169,0.02996822884583606,0.0687646635651714,0.125625379921572
