mean,std,min,max
0.0792185244131544,0.04485235162716149,0.0064969858356846,0.1787102334180876
