mean,std,min,max
0.12413442484308006,0.09775718088977345,9.063200804621742e-16,0.3437110184854505
