mean,std,min,max
0.12288112056358844,0.06581835187992281,9.063200804621742e-16,0.2313598919830775
