mean,std,min,max
0.09509930217591324,0.0711117889228818,9.063200804621742e-16,0.2308851707288921
