mean,std,min,max
0.12365040950532435,0.06774484481729998,0.0687646635651714,0.2313598919830775
