mean,std,min,max
0.08007764618041815,0.04336216477087842,0.0150882035083222,0.1787102334180876
