mean,std,min,max
0.09451635923819503,0.07202335506786198,9.063200804621742e-16,0.2313598919830775
