mean,std,min,max
0.0937027563124084,0.06137849676792474,0.0087840528769547,0.2308851707288921
