mean,std,min,max
0.07857526202635956,0.05965864758058685,9.063200804621742e-16,0.1787102334180876
