mean,std,min,max
0.11652608124565533,0.08866578091809636,9.063200804621742e-16,0.2857419893079585
