mean,std,min,max
0.0956270407365062,0.05003698462228296,9.063200804621742e-16,0.1787102334180876
