mean,std,min,max
0.08991671533596338,0.059278930531615065,0.0150882035083222,0.1787102334180876
