mean,std,min,max
0.06822396742786277,0.02810195966131833,0.0064969858356846,0.125625379921572
