mean,std,min,max
0.13804044581217503,0.06129081088280972,0.0454235454928356,0.2313598919830775
