mean,std,min,max
0.11265585252003271,0.06673024806300762,0.0687646635651714,0.2313598919830775
